route_id,stop_id,hour,hourly_boardings,hourly_alightings
R1,143486,5,97,0
R1,143486,6,136,0
R1,143486,7,108,0
R1,143486,8,53,0
R1,143486,9,80,0
R1,143486,10,58,0
R1,143486,11,60,0
R1,143486,12,54,0
R1,143486,13,29,0
R1,143486,14,36,0
R1,143486,15,86,0
R1,143486,16,66,0
R1,143486,17,59,0
R1,143486,18,21,0
R1,143486,19,3,0
R1,143516,5,115,0
R1,143516,6,113,0
R1,143516,7,169,0
R1,143516,8,154,0
R1,143516,9,96,0
R1,143516,10,73,0
R1,143516,11,84,0
R1,143516,12,75,0
R1,143516,13,77,0
R1,143516,14,92,0
R1,143516,15,92,0
R1,143516,16,63,0
R1,143516,17,32,0
R1,143516,18,14,0
R1,143516,19,2,0
R1,143517,5,8,0
R1,143517,6,90,0
R1,143517,7,28,0
R1,143517,8,107,0
R1,143517,9,116,0
R1,143517,10,240,0
R1,143517,11,261,0
R1,143517,12,274,0
R1,143517,13,208,0
R1,143517,14,323,0
R1,143517,15,399,0
R1,143517,16,306,0
R1,143517,17,211,0
R1,143517,18,191,0
R1,143517,19,120,0
R1,143517,20,31,0
R1,143526,4,4,0
R1,143526,5,106,0
R1,143526,6,389,0
R1,143526,7,416,0
R1,143526,8,312,0
R1,143526,9,345,0
R1,143526,10,150,0
R1,143526,11,265,0
R1,143526,12,459,0
R1,143526,13,473,0
R1,143526,14,636,0
R1,143526,15,595,0
R1,143526,16,576,0
R1,143526,17,272,0
R1,143526,18,370,0
R1,143526,19,274,0
R1,143526,20,67,0
R1,143538,6,14,0
R1,143538,7,4,0
R1,143538,8,5,0
R1,143538,9,1,0
R1,143538,10,3,0
R1,143538,11,2,0
R1,143538,12,13,0
R1,143538,13,19,0
R1,143538,14,7,0
R1,143538,15,5,0
R1,143538,16,7,0
R1,143538,17,5,0
R1,143538,18,5,0
R1,143538,19,3,0
R1,143562,5,116,0
R1,143562,6,421,0
R1,143562,7,388,0
R1,143562,8,255,0
R1,143562,9,154,0
R1,143562,10,133,0
R1,143562,11,102,0
R1,143562,12,60,0
R1,143562,13,112,0
R1,143562,14,133,0
R1,143562,15,96,0
R1,143562,16,92,0
R1,143562,17,102,0
R1,143562,18,46,0
R1,143562,19,10,0
R1,143562,20,1,0
R1,143563,5,38,0
R1,143563,6,154,0
R1,143563,7,141,0
R1,143563,8,236,0
R1,143563,9,175,0
R1,143563,10,316,0
R1,143563,11,332,0
R1,143563,12,177,0
R1,143563,13,239,0
R1,143563,14,212,0
R1,143563,15,176,0
R1,143563,16,116,0
R1,143563,17,65,0
R1,143563,18,45,0
R1,143563,19,28,0
R1,143563,20,5,0
R1,143573,4,2,0
R1,143573,5,219,0
R1,143573,6,515,0
R1,143573,7,655,0
R1,143573,8,762,0
R1,143573,9,867,0
R1,143573,10,949,0
R1,143573,11,1138,0
R1,143573,12,1559,0
R1,143573,13,2245,0
R1,143573,14,2076,0
R1,143573,15,2106,0
R1,143573,16,2026,0
R1,143573,17,1369,0
R1,143573,18,967,0
R1,143573,19,503,0
R1,143573,20,219,0
R1,143586,5,4,0
R1,143586,6,1,0
R1,143586,7,2,0
R1,143586,8,4,0
R1,143586,9,1,0
R1,143586,10,2,0
R1,143586,11,1,0
R1,143586,12,1,0
R1,143586,13,3,0
R1,143586,14,2,0
R1,143608,5,62,0
R1,143608,6,94,0
R1,143608,7,137,0
R1,143608,8,97,0
R1,143608,9,47,0
R1,143608,10,12,0
R1,143608,11,29,0
R1,143608,12,33,0
R1,143608,13,34,0
R1,143608,14,47,0
R1,143608,15,37,0
R1,143608,16,22,0
R1,143608,17,10,0
R1,143608,18,5,0
R1,143608,20,2,0
R3,143520,5,51,57
R3,143520,6,78,52
R3,143520,7,190,71
R3,143520,8,80,44
R3,143520,9,166,115
R3,143520,10,178,173
R3,143520,11,222,159
R3,143520,12,210,201
R3,143520,13,245,314
R3,143520,14,213,246
R3,143520,15,228,159
R3,143520,16,142,138
R3,143520,17,141,116
R3,143520,18,83,103
R3,143520,19,24,48
R3,143520,20,4,6
R3,143526,3,0,230
R3,143526,4,87,161
R3,143526,5,316,278
R3,143526,6,496,329
R3,143526,7,926,846
R3,143526,8,1014,995
R3,143526,9,1370,1382
R3,143526,10,1529,1497
R3,143526,11,1821,1692
R3,143526,12,1483,1181
R3,143526,13,1773,1082
R3,143526,14,1723,1135
R3,143526,15,2183,1588
R3,143526,16,1740,1281
R3,143526,17,1871,1411
R3,143526,18,1251,1077
R3,143526,19,1190,1157
R3,143526,20,118,132
R3,143527,5,7,32
R3,143527,6,10,22
R3,143527,7,18,13
R3,143527,8,29,43
R3,143527,9,39,60
R3,143527,10,41,30
R3,143527,11,27,30
R3,143527,12,33,39
R3,143527,13,18,42
R3,143527,14,35,60
R3,143527,15,99,81
R3,143527,16,90,95
R3,143527,17,38,89
R3,143527,18,23,70
R3,143527,19,9,45
R3,143527,20,2,10
R3,143533,5,68,111
R3,143533,6,63,119
R3,143533,7,322,651
R3,143533,8,276,796
R3,143533,9,674,995
R3,143533,10,484,677
R3,143533,11,543,696
R3,143533,12,253,412
R3,143533,13,323,575
R3,143533,14,352,616
R3,143533,15,430,782
R3,143533,16,495,709
R3,143533,17,670,808
R3,143533,18,402,464
R3,143533,19,95,206
R3,143533,20,13,79
R3,143569,5,24,75
R3,143569,6,99,26
R3,143569,7,132,47
R3,143569,8,65,46
R3,143569,9,99,170
R3,143569,10,103,153
R3,143569,11,199,150
R3,143569,12,131,123
R3,143569,13,155,108
R3,143569,14,129,150
R3,143569,15,178,239
R3,143569,16,97,148
R3,143569,17,68,127
R3,143569,18,43,99
R3,143569,19,18,71
R3,143569,20,0,11
R3,143575,5,40,93
R3,143575,6,132,129
R3,143575,7,164,238
R3,143575,8,153,193
R3,143575,9,408,363
R3,143575,10,331,301
R3,143575,11,435,230
R3,143575,12,368,238
R3,143575,13,395,290
R3,143575,14,372,219
R3,143575,15,368,255
R3,143575,16,247,232
R3,143575,17,208,251
R3,143575,18,193,145
R3,143575,19,28,52
R3,143575,20,9,7
R3,143599,5,40,30
R3,143599,6,42,22
R3,143599,7,96,68
R3,143599,8,71,85
R3,143599,9,93,146
R3,143599,10,137,142
R3,143599,11,172,183
R3,143599,12,86,66
R3,143599,13,254,101
R3,143599,14,171,123
R3,143599,15,113,117
R3,143599,16,150,89
R3,143599,17,140,106
R3,143599,18,131,90
R3,143599,19,23,46
R3,143599,20,5,9
R3,143600,5,1,2
R3,143600,6,26,116
R3,143600,7,23,157
R3,143600,8,42,51
R3,143600,9,45,46
R3,143600,10,69,53
R3,143600,11,100,88
R3,143600,12,54,63
R3,143600,13,58,73
R3,143600,14,89,77
R3,143600,15,155,98
R3,143600,16,136,58
R3,143600,17,87,77
R3,143600,18,104,55
R3,143600,19,18,17
R3,143600,20,3,2
R3,143648,5,27,31
R3,143648,6,124,21
R3,143648,7,139,60
R3,143648,8,75,43
R3,143648,9,114,58
R3,143648,10,129,133
R3,143648,11,174,123
R3,143648,12,109,108
R3,143648,13,114,73
R3,143648,14,131,92
R3,143648,15,205,117
R3,143648,16,163,109
R3,143648,17,119,67
R3,143648,18,88,70
R3,143648,19,22,35
R3,143648,20,2,5
R3,143650,5,13,16
R3,143650,6,120,94
R3,143650,7,214,145
R3,143650,8,138,67
R3,143650,9,114,113
R3,143650,10,100,133
R3,143650,11,99,134
R3,143650,12,80,190
R3,143650,13,82,210
R3,143650,14,71,147
R3,143650,15,87,119
R3,143650,16,67,82
R3,143650,17,26,108
R3,143650,18,36,78
R3,143650,19,13,23
R3,143650,20,1,7
R1,143499,5,6,0
R1,143499,6,4,0
R1,143499,7,32,0
R1,143499,8,20,0
R1,143499,9,53,0
R1,143499,10,66,0
R1,143499,11,95,0
R1,143499,12,144,0
R1,143499,13,215,0
R1,143499,14,213,0
R1,143499,15,274,0
R1,143499,16,234,0
R1,143499,17,156,0
R1,143499,18,76,0
R1,143499,19,32,0
R1,143499,20,8,0
R1,143526,4,62,0
R1,143526,5,637,0
R1,143526,6,1000,0
R1,143526,7,1289,0
R1,143526,8,1659,0
R1,143526,9,1240,0
R1,143526,10,1172,0
R1,143526,11,1439,0
R1,143526,12,1931,0
R1,143526,13,1918,0
R1,143526,14,1885,0
R1,143526,15,1879,0
R1,143526,16,1006,0
R1,143526,17,916,0
R1,143526,18,518,0
R1,143526,19,579,0
R1,143526,20,64,0
R1,143552,5,151,0
R1,143552,6,117,0
R1,143552,7,73,0
R1,143552,8,111,0
R1,143552,9,205,0
R1,143552,10,171,0
R1,143552,11,150,0
R1,143552,12,170,0
R1,143552,13,226,0
R1,143552,14,182,0
R1,143552,15,234,0
R1,143552,16,191,0
R1,143552,17,182,0
R1,143552,18,74,0
R1,143552,19,45,0
R1,143552,20,21,0
R1,143556,5,72,0
R1,143556,6,160,0
R1,143556,7,288,0
R1,143556,8,132,0
R1,143556,9,78,0
R1,143556,10,52,0
R1,143556,11,57,0
R1,143556,12,107,0
R1,143556,13,158,0
R1,143556,14,185,0
R1,143556,15,155,0
R1,143556,16,93,0
R1,143556,17,67,0
R1,143556,18,56,0
R1,143556,19,21,0
R1,143556,20,2,0
R1,143559,5,13,0
R1,143559,6,38,0
R1,143559,7,90,0
R1,143559,8,82,0
R1,143559,9,197,0
R1,143559,10,174,0
R1,143559,11,268,0
R1,143559,12,288,0
R1,143559,13,526,0
R1,143559,14,529,0
R1,143559,15,561,0
R1,143559,16,423,0
R1,143559,17,286,0
R1,143559,18,246,0
R1,143559,19,72,0
R1,143559,20,13,0
R1,143573,5,62,0
R1,143573,6,163,0
R1,143573,7,218,0
R1,143573,8,183,0
R1,143573,9,182,0
R1,143573,10,147,0
R1,143573,11,157,0
R1,143573,12,105,0
R1,143573,13,260,0
R1,143573,14,198,0
R1,143573,15,219,0
R1,143573,16,167,0
R1,143573,17,171,0
R1,143573,18,162,0
R1,143573,19,161,0
R1,143573,20,53,0
R1,143577,5,27,0
R1,143577,6,98,0
R1,143577,7,179,0
R1,143577,8,105,0
R1,143577,9,149,0
R1,143577,10,58,0
R1,143577,11,91,0
R1,143577,12,126,0
R1,143577,13,100,0
R1,143577,14,141,0
R1,143577,15,105,0
R1,143577,16,103,0
R1,143577,17,82,0
R1,143577,18,18,0
R1,143577,19,5,0
R1,143620,5,8,0
R1,143620,6,96,0
R1,143620,7,99,0
R1,143620,8,14,0
R1,143620,9,20,0
R1,143620,10,97,0
R1,143620,11,66,0
R1,143620,12,44,0
R1,143620,13,41,0
R1,143620,14,32,0
R1,143620,15,33,0
R1,143620,16,35,0
R1,143620,17,9,0
R1,143620,18,25,0
R1,143620,19,2,0
R1,143620,20,3,0
R1,143642,5,21,0
R1,143642,6,14,0
R1,143642,7,37,0
R1,143642,8,45,0
R1,143642,9,73,0
R1,143642,10,43,0
R1,143642,11,64,0
R1,143642,12,74,0
R1,143642,13,78,0
R1,143642,14,88,0
R1,143642,15,100,0
R1,143642,16,69,0
R1,143642,17,96,0
R1,143642,18,93,0
R1,143642,19,40,0
R1,143642,20,2,0
R1,143654,5,42,0
R1,143654,6,45,0
R1,143654,7,19,0
R1,143654,8,15,0
R1,143654,9,33,0
R1,143654,10,53,0
R1,143654,11,101,0
R1,143654,12,59,0
R1,143654,13,65,0
R1,143654,14,32,0
R1,143654,15,19,0
R1,143654,16,53,0
R1,143654,17,29,0
R1,143654,18,13,0
R1,143654,19,10,0
R1,143654,20,5,0
R1,144072,5,78,0
R1,144072,6,154,0
R1,144072,7,280,0
R1,144072,8,141,0
R1,144072,9,104,0
R1,144072,10,36,0
R1,144072,11,31,0
R1,144072,12,27,0
R1,144072,13,49,0
R1,144072,14,43,0
R1,144072,15,115,0
R1,144072,16,100,0
R1,144072,17,24,0
R1,144072,18,11,0
R1,144072,19,4,0
R1,144072,20,1,0
R3,143493,5,3,14
R3,143493,6,192,67
R3,143493,7,155,215
R3,143493,8,122,436
R3,143493,9,126,204
R3,143493,10,158,132
R3,143493,11,123,96
R3,143493,12,135,125
R3,143493,13,114,145
R3,143493,14,155,176
R3,143493,15,141,158
R3,143493,16,120,177
R3,143493,17,81,127
R3,143493,18,36,60
R3,143493,19,12,22
R3,143493,20,0,3
R3,143504,5,18,49
R3,143504,6,93,202
R3,143504,7,95,167
R3,143504,8,81,174
R3,143504,9,60,94
R3,143504,10,68,80
R3,143504,11,64,81
R3,143504,12,98,106
R3,143504,13,53,52
R3,143504,14,79,103
R3,143504,15,128,88
R3,143504,16,206,59
R3,143504,17,75,35
R3,143504,18,22,20
R3,143504,19,14,9
R3,143504,20,0,3
R3,143505,3,0,44
R3,143505,4,3,41
R3,143505,5,16,50
R3,143505,6,7,118
R3,143505,7,21,140
R3,143505,8,19,104
R3,143505,9,56,121
R3,143505,10,45,167
R3,143505,11,61,164
R3,143505,12,141,269
R3,143505,13,175,326
R3,143505,14,168,306
R3,143505,15,144,381
R3,143505,16,93,234
R3,143505,17,146,236
R3,143505,18,74,194
R3,143505,19,491,559
R3,143505,20,194,218
R3,143505,21,2,2
R3,143509,5,10,11
R3,143509,6,41,37
R3,143509,7,190,51
R3,143509,8,447,89
R3,143509,9,252,94
R3,143509,10,152,103
R3,143509,11,150,102
R3,143509,12,200,113
R3,143509,13,152,92
R3,143509,14,200,83
R3,143509,15,213,73
R3,143509,16,79,41
R3,143509,17,36,66
R3,143509,18,129,96
R3,143509,19,77,54
R3,143509,20,2,1
R3,143525,5,22,4
R3,143525,6,201,55
R3,143525,7,49,89
R3,143525,8,105,99
R3,143525,9,65,58
R3,143525,10,61,78
R3,143525,11,60,86
R3,143525,12,126,108
R3,143525,13,130,136
R3,143525,14,121,121
R3,143525,15,82,131
R3,143525,16,117,121
R3,143525,17,102,62
R3,143525,18,45,45
R3,143525,19,16,14
R3,143525,20,1,2
R3,143526,5,89,452
R3,143526,6,297,1380
R3,143526,7,241,1177
R3,143526,8,136,570
R3,143526,9,174,371
R3,143526,10,248,574
R3,143526,11,285,401
R3,143526,12,376,564
R3,143526,13,430,666
R3,143526,14,483,826
R3,143526,15,496,680
R3,143526,16,467,643
R3,143526,17,372,450
R3,143526,18,237,347
R3,143526,19,124,197
R3,143526,20,15,26
R3,143530,5,12,45
R3,143530,6,102,211
R3,143530,7,82,261
R3,143530,8,20,105
R3,143530,9,31,169
R3,143530,10,32,177
R3,143530,11,68,181
R3,143530,12,98,176
R3,143530,13,60,248
R3,143530,14,58,283
R3,143530,15,47,215
R3,143530,16,38,137
R3,143530,17,15,99
R3,143530,18,17,213
R3,143530,19,9,112
R3,143530,20,2,4
R3,143533,5,347,141
R3,143533,6,1253,295
R3,143533,7,1685,504
R3,143533,8,2338,563
R3,143533,9,1980,632
R3,143533,10,1552,546
R3,143533,11,1476,517
R3,143533,12,1864,803
R3,143533,13,978,368
R3,143533,14,1758,710
R3,143533,15,1069,447
R3,143533,16,1037,552
R3,143533,17,603,321
R3,143533,18,516,300
R3,143533,19,292,262
R3,143533,20,86,75
R3,143560,5,6,3
R3,143560,6,54,144
R3,143560,7,96,204
R3,143560,8,128,200
R3,143560,9,81,79
R3,143560,10,83,127
R3,143560,11,79,82
R3,143560,12,83,109
R3,143560,13,93,132
R3,143560,14,148,94
R3,143560,15,143,85
R3,143560,16,96,64
R3,143560,17,53,59
R3,143560,18,33,59
R3,143560,19,21,43
R3,143560,20,0,12
R3,143579,5,8,14
R3,143579,6,25,28
R3,143579,7,31,110
R3,143579,8,78,67
R3,143579,9,92,86
R3,143579,10,116,88
R3,143579,11,136,86
R3,143579,12,156,155
R3,143579,13,101,117
R3,143579,14,130,106
R3,143579,15,119,104
R3,143579,16,87,71
R3,143579,17,36,88
R3,143579,18,5,26
R3,143579,19,5,24
R3,143579,20,0,3
R3,143596,5,34,67
R3,143596,6,67,178
R3,143596,7,107,255
R3,143596,8,183,710
R3,143596,9,203,400
R3,143596,10,266,271
R3,143596,11,218,222
R3,143596,12,222,228
R3,143596,13,215,275
R3,143596,14,225,213
R3,143596,15,178,130
R3,143596,16,176,113
R3,143596,17,142,78
R3,143596,18,126,81
R3,143596,19,79,59
R3,143596,20,6,38
R3,143629,5,16,13
R3,143629,6,154,57
R3,143629,7,196,80
R3,143629,8,262,93
R3,143629,9,120,33
R3,143629,10,59,33
R3,143629,11,47,42
R3,143629,12,66,51
R3,143629,13,83,26
R3,143629,14,118,34
R3,143629,15,67,23
R3,143629,16,60,15
R3,143629,17,93,20
R3,143629,18,48,17
R3,143629,19,9,8
R3,143629,20,5,1
R4,143489,4,2,0
R4,143489,5,12,1
R4,143489,6,80,125
R4,143489,7,106,93
R4,143489,8,111,126
R4,143489,9,115,116
R4,143489,10,170,212
R4,143489,11,190,221
R4,143489,12,101,264
R4,143489,13,103,206
R4,143489,14,173,221
R4,143489,15,163,216
R4,143489,16,206,179
R4,143489,17,126,201
R4,143489,18,96,136
R4,143489,19,15,41
R4,143500,4,74,14
R4,143500,5,87,37
R4,143500,6,216,31
R4,143500,7,168,17
R4,143500,8,104,41
R4,143500,9,102,38
R4,143500,10,83,82
R4,143500,11,83,84
R4,143500,12,97,182
R4,143500,13,63,142
R4,143500,14,51,179
R4,143500,15,50,209
R4,143500,16,47,74
R4,143500,17,63,59
R4,143500,18,43,37
R4,143500,19,19,8
R4,143506,5,1,1
R4,143506,6,14,9
R4,143506,7,11,13
R4,143506,8,7,8
R4,143506,9,4,18
R4,143506,10,12,9
R4,143506,11,3,27
R4,143506,12,7,9
R4,143506,13,0,9
R4,143506,14,4,39
R4,143506,15,1,35
R4,143506,16,9,5
R4,143506,17,12,12
R4,143506,19,0,2
R4,143512,4,12,4
R4,143512,5,31,156
R4,143512,6,454,231
R4,143512,7,368,235
R4,143512,8,213,390
R4,143512,9,283,373
R4,143512,10,459,534
R4,143512,11,447,447
R4,143512,12,457,648
R4,143512,13,483,569
R4,143512,14,548,739
R4,143512,15,527,666
R4,143512,16,420,525
R4,143512,17,270,388
R4,143512,18,225,234
R4,143512,19,116,84
R4,143521,4,110,8
R4,143521,5,119,15
R4,143521,6,12,8
R4,143521,7,39,23
R4,143521,8,25,30
R4,143521,9,13,17
R4,143521,10,35,40
R4,143521,11,13,32
R4,143521,12,32,52
R4,143521,13,30,70
R4,143521,14,31,72
R4,143521,15,47,76
R4,143521,16,24,35
R4,143521,17,16,41
R4,143521,18,11,34
R4,143521,19,9,17
R4,143521,20,0,4
R4,143522,4,10,27
R4,143522,5,34,35
R4,143522,6,68,104
R4,143522,7,173,130
R4,143522,8,132,115
R4,143522,9,60,147
R4,143522,10,56,129
R4,143522,11,98,145
R4,143522,12,79,166
R4,143522,13,80,133
R4,143522,14,190,305
R4,143522,15,148,299
R4,143522,16,198,349
R4,143522,17,135,218
R4,143522,18,130,151
R4,143522,19,63,77
R4,143522,20,44,61
R4,143528,4,1,0
R4,143528,6,43,40
R4,143528,7,13,16
R4,143528,8,21,9
R4,143528,9,14,25
R4,143528,10,66,44
R4,143528,11,57,31
R4,143528,12,91,42
R4,143528,13,57,26
R4,143528,14,63,69
R4,143528,15,53,42
R4,143528,16,54,48
R4,143528,17,28,16
R4,143528,18,39,3
R4,143528,19,7,5
R4,143531,4,35,4
R4,143531,5,62,28
R4,143531,6,63,52
R4,143531,7,32,61
R4,143531,8,97,96
R4,143531,9,67,92
R4,143531,10,59,148
R4,143531,11,88,130
R4,143531,12,90,152
R4,143531,13,70,115
R4,143531,14,70,140
R4,143531,15,73,171
R4,143531,16,72,143
R4,143531,17,48,101
R4,143531,18,44,107
R4,143531,19,16,98
R4,143533,4,15,12
R4,143533,5,277,857
R4,143533,6,483,1222
R4,143533,7,678,1624
R4,143533,8,886,1463
R4,143533,9,1038,1282
R4,143533,10,1150,1619
R4,143533,11,1244,1603
R4,143533,12,1360,1884
R4,143533,13,1298,1851
R4,143533,14,1290,1643
R4,143533,15,915,1412
R4,143533,16,789,1010
R4,143533,17,695,918
R4,143533,18,686,996
R4,143533,19,245,463
R4,143533,20,4,50
R4,143546,4,3,0
R4,143546,5,112,9
R4,143546,6,280,57
R4,143546,7,115,34
R4,143546,8,72,44
R4,143546,9,115,62
R4,143546,10,123,110
R4,143546,11,200,122
R4,143546,12,158,150
R4,143546,13,109,155
R4,143546,14,98,345
R4,143546,15,160,314
R4,143546,16,125,213
R4,143546,17,70,224
R4,143546,18,244,142
R4,143546,19,87,47
R4,143547,5,38,3
R4,143547,6,169,10
R4,143547,7,196,27
R4,143547,8,133,13
R4,143547,9,155,52
R4,143547,10,151,36
R4,143547,11,135,72
R4,143547,12,123,76
R4,143547,13,93,60
R4,143547,14,144,95
R4,143547,15,118,127
R4,143547,16,126,94
R4,143547,17,75,77
R4,143547,18,38,43
R4,143547,19,8,34
R4,143547,20,2,4
R4,143550,4,1,0
R4,143550,5,7,10
R4,143550,6,29,298
R4,143550,7,51,244
R4,143550,8,68,46
R4,143550,9,41,32
R4,143550,10,54,43
R4,143550,11,145,50
R4,143550,12,138,36
R4,143550,13,63,54
R4,143550,14,316,59
R4,143550,15,298,61
R4,143550,16,39,69
R4,143550,17,14,35
R4,143550,18,12,57
R4,143550,19,7,16
R4,143553,4,2,2
R4,143553,5,2,3
R4,143553,6,46,367
R4,143553,7,47,415
R4,143553,8,17,46
R4,143553,9,20,26
R4,143553,10,61,39
R4,143553,11,174,37
R4,143553,12,212,32
R4,143553,13,73,29
R4,143553,14,918,41
R4,143553,15,1043,13
R4,143553,16,57,36
R4,143553,17,33,28
R4,143553,18,19,17
R4,143553,19,3,9
R4,143561,4,61,4
R4,143561,5,142,30
R4,143561,6,246,21
R4,143561,7,250,45
R4,143561,8,112,25
R4,143561,9,131,40
R4,143561,10,287,93
R4,143561,11,111,130
R4,143561,12,105,221
R4,143561,13,75,118
R4,143561,14,103,231
R4,143561,15,33,270
R4,143561,16,17,178
R4,143561,17,12,112
R4,143561,18,16,82
R4,143561,19,1,19
R4,143565,4,2,50
R4,143565,5,38,141
R4,143565,6,121,119
R4,143565,7,133,167
R4,143565,8,139,140
R4,143565,9,168,127
R4,143565,10,204,167
R4,143565,11,280,206
R4,143565,12,263,157
R4,143565,13,238,174
R4,143565,14,248,202
R4,143565,15,285,180
R4,143565,16,321,175
R4,143565,17,262,105
R4,143565,18,141,116
R4,143565,19,50,117
R4,143565,20,10,7
R4,143570,4,13,7
R4,143570,5,42,21
R4,143570,6,241,128
R4,143570,7,243,203
R4,143570,8,171,327
R4,143570,9,193,300
R4,143570,10,306,485
R4,143570,11,349,596
R4,143570,12,477,466
R4,143570,13,364,352
R4,143570,14,247,538
R4,143570,15,200,543
R4,143570,16,164,638
R4,143570,17,279,477
R4,143570,18,314,325
R4,143570,19,143,101
R4,143570,20,0,3
R4,143574,4,10,0
R4,143574,5,158,6
R4,143574,6,113,5
R4,143574,7,93,31
R4,143574,8,18,13
R4,143574,9,35,42
R4,143574,10,15,73
R4,143574,11,21,57
R4,143574,12,23,68
R4,143574,13,32,41
R4,143574,14,52,223
R4,143574,15,76,296
R4,143574,16,26,55
R4,143574,17,12,44
R4,143574,18,12,37
R4,143574,19,4,15
R4,143574,20,0,3
R4,143584,5,92,15
R4,143584,6,147,64
R4,143584,7,62,118
R4,143584,8,44,94
R4,143584,9,61,92
R4,143584,10,71,97
R4,143584,11,77,47
R4,143584,12,109,58
R4,143584,13,155,96
R4,143584,14,137,101
R4,143584,15,208,216
R4,143584,16,174,159
R4,143584,17,123,123
R4,143584,18,61,58
R4,143584,19,42,67
R4,143584,20,6,12
R4,143597,4,253,27
R4,143597,5,303,35
R4,143597,6,878,53
R4,143597,7,561,52
R4,143597,8,543,130
R4,143597,9,449,181
R4,143597,10,425,306
R4,143597,11,321,302
R4,143597,12,298,385
R4,143597,13,266,417
R4,143597,14,273,517
R4,143597,15,257,469
R4,143597,16,191,449
R4,143597,17,139,383
R4,143597,18,59,289
R4,143597,19,20,174
R4,143615,4,1,1
R4,143615,5,12,4
R4,143615,6,75,70
R4,143615,7,105,72
R4,143615,8,185,111
R4,143615,9,197,136
R4,143615,10,145,156
R4,143615,11,125,177
R4,143615,12,97,137
R4,143615,13,113,146
R4,143615,14,129,138
R4,143615,15,122,145
R4,143615,16,150,109
R4,143615,17,103,86
R4,143615,18,78,95
R4,143615,19,13,36
R4,143615,20,2,4
R4,143616,5,162,17
R4,143616,6,206,20
R4,143616,7,219,32
R4,143616,8,140,46
R4,143616,9,144,47
R4,143616,10,161,38
R4,143616,11,258,43
R4,143616,12,178,54
R4,143616,13,144,66
R4,143616,14,133,69
R4,143616,15,112,227
R4,143616,16,119,151
R4,143616,17,93,113
R4,143616,18,55,62
R4,143616,19,18,27
R4,143616,20,0,6
R4,143630,4,27,0
R4,143630,5,15,5
R4,143630,6,9,62
R4,143630,7,20,50
R4,143630,8,55,31
R4,143630,9,60,36
R4,143630,10,48,19
R4,143630,11,124,41
R4,143630,12,105,61
R4,143630,13,64,57
R4,143630,14,39,121
R4,143630,15,39,110
R4,143630,16,13,57
R4,143630,17,7,39
R4,143630,18,4,17
R4,143630,19,2,11
R4,143630,20,0,1
R4,143643,6,8,3
R4,143643,7,11,5
R4,143643,8,11,8
R4,143643,9,45,11
R4,143643,10,47,43
R4,143643,11,7,5
R4,143643,12,23,47
R4,143643,13,8,48
R4,143643,14,15,30
R4,143643,15,9,15
R4,143643,16,7,17
R4,143643,17,11,16
R4,143643,18,6,14
R4,143643,19,2,23
R4,143644,4,96,6
R4,143644,5,156,4
R4,143644,6,310,27
R4,143644,7,396,40
R4,143644,8,284,84
R4,143644,9,132,33
R4,143644,10,121,81
R4,143644,11,162,146
R4,143644,12,115,186
R4,143644,13,124,119
R4,143644,14,134,676
R4,143644,15,115,643
R4,143644,16,80,220
R4,143644,17,31,195
R4,143644,18,24,120
R4,143644,19,5,33
R4,143645,5,165,1
R4,143645,6,99,8
R4,143645,7,27,3
R4,143645,8,42,7
R4,143645,9,13,7
R4,143645,10,14,13
R4,143645,11,12,7
R4,143645,12,28,13
R4,143645,13,15,9
R4,143645,14,12,18
R4,143645,15,23,57
R4,143645,16,17,72
R4,143645,17,2,77
R4,143645,18,2,44
R4,143645,19,2,14
R4,143645,20,0,1
R4,143651,4,3,0
R4,143651,5,9,4
R4,143651,6,7,14
R4,143651,7,17,32
R4,143651,8,23,28
R4,143651,9,30,13
R4,143651,10,43,31
R4,143651,11,50,35
R4,143651,12,30,59
R4,143651,13,18,66
R4,143651,14,48,52
R4,143651,15,32,84
R4,143651,16,25,52
R4,143651,17,26,44
R4,143651,18,24,24
R4,143651,19,6,12
R4,143652,5,40,2
R4,143652,6,32,24
R4,143652,7,10,82
R4,143652,8,12,53
R4,143652,9,15,33
R4,143652,10,17,26
R4,143652,11,7,9
R4,143652,12,13,5
R4,143652,13,14,9
R4,143652,14,5,4
R4,143652,15,8,7
R4,143652,16,3,6
R4,143652,17,7,9
R4,143652,18,20,7
R4,143652,19,98,5
R4,143652,20,44,0
R4,143653,5,318,93
R4,143653,6,341,93
R4,143653,7,378,29
R4,143653,8,276,21
R4,143653,9,209,25
R4,143653,10,127,82
R4,143653,11,142,100
R4,143653,12,85,89
R4,143653,13,92,55
R4,143653,14,91,146
R4,143653,15,78,104
R4,143653,16,48,80
R4,143653,17,49,93
R4,143653,18,32,106
R4,143653,19,7,70
R4,143653,20,0,21
R4,143657,3,0,32
R4,143657,4,29,27
R4,143657,5,40,193
R4,143657,6,31,117
R4,143657,7,54,176
R4,143657,8,18,183
R4,143657,9,23,150
R4,143657,10,44,64
R4,143657,11,55,196
R4,143657,12,61,101
R4,143657,13,55,128
R4,143657,14,78,248
R4,143657,15,124,194
R4,143657,16,50,122
R4,143657,17,78,104
R4,143657,18,35,48
R4,143657,19,68,94
R4,143657,20,47,53
R2,143490,5,9,68
R2,143490,6,125,44
R2,143490,7,232,93
R2,143490,8,188,157
R2,143490,9,166,105
R2,143490,10,107,102
R2,143490,11,116,118
R2,143490,12,109,94
R2,143490,13,162,130
R2,143490,14,210,184
R2,143490,15,222,147
R2,143490,16,118,200
R2,143490,17,77,70
R2,143490,18,22,46
R2,143490,19,34,23
R2,143490,20,7,11
R2,143491,5,46,24
R2,143491,6,27,17
R2,143491,7,39,25
R2,143491,8,48,49
R2,143491,9,77,22
R2,143491,10,82,64
R2,143491,11,82,56
R2,143491,12,93,57
R2,143491,13,62,56
R2,143491,14,243,83
R2,143491,15,223,83
R2,143491,16,71,67
R2,143491,17,53,65
R2,143491,18,25,38
R2,143491,19,30,29
R2,143491,20,2,3
R2,143492,5,168,3
R2,143492,6,81,3
R2,143492,7,116,54
R2,143492,8,45,148
R2,143492,9,52,108
R2,143492,10,53,162
R2,143492,11,36,57
R2,143492,12,55,54
R2,143492,13,47,38
R2,143492,14,64,159
R2,143492,15,78,192
R2,143492,16,30,106
R2,143492,17,32,166
R2,143492,18,25,40
R2,143492,19,4,31
R2,143492,20,0,5
R2,143501,5,54,6
R2,143501,6,63,4
R2,143501,7,218,17
R2,143501,8,152,8
R2,143501,9,116,34
R2,143501,10,79,58
R2,143501,11,59,69
R2,143501,12,30,50
R2,143501,13,48,65
R2,143501,14,62,57
R2,143501,15,72,50
R2,143501,16,66,47
R2,143501,17,52,36
R2,143501,18,5,37
R2,143501,19,6,40
R2,143501,20,0,23
R2,143507,5,40,6
R2,143507,6,15,0
R2,143507,7,50,48
R2,143507,8,74,110
R2,143507,9,61,60
R2,143507,10,45,54
R2,143507,11,108,59
R2,143507,12,73,46
R2,143507,13,77,109
R2,143507,14,86,158
R2,143507,15,61,104
R2,143507,16,100,70
R2,143507,17,25,59
R2,143507,18,12,65
R2,143507,19,7,26
R2,143507,20,2,8
R2,143510,5,3,2
R2,143510,6,3,12
R2,143510,7,17,59
R2,143510,8,26,67
R2,143510,9,8,38
R2,143510,10,21,34
R2,143510,11,34,46
R2,143510,12,27,39
R2,143510,13,41,63
R2,143510,14,47,43
R2,143510,15,51,55
R2,143510,16,29,37
R2,143510,17,31,50
R2,143510,18,12,32
R2,143510,19,4,16
R2,143510,20,1,5
R2,143515,5,14,3
R2,143515,6,204,164
R2,143515,7,329,225
R2,143515,8,149,138
R2,143515,9,156,137
R2,143515,10,74,116
R2,143515,11,152,107
R2,143515,12,138,92
R2,143515,13,119,107
R2,143515,14,147,118
R2,143515,15,110,160
R2,143515,16,67,158
R2,143515,17,69,114
R2,143515,18,45,102
R2,143515,19,7,34
R2,143515,20,4,11
R2,143518,5,37,132
R2,143518,6,23,130
R2,143518,7,149,570
R2,143518,8,125,304
R2,143518,9,88,62
R2,143518,10,171,69
R2,143518,11,212,99
R2,143518,12,115,45
R2,143518,13,240,128
R2,143518,14,288,119
R2,143518,15,304,161
R2,143518,16,400,89
R2,143518,17,198,52
R2,143518,18,66,25
R2,143518,19,13,22
R2,143518,20,2,6
R2,143526,3,0,76
R2,143526,4,142,176
R2,143526,5,986,1093
R2,143526,6,3142,3645
R2,143526,7,3352,4224
R2,143526,8,2637,4721
R2,143526,9,2416,3780
R2,143526,10,1308,2579
R2,143526,11,1705,2121
R2,143526,12,2576,3512
R2,143526,13,3433,4373
R2,143526,14,3586,6635
R2,143526,15,3026,5717
R2,143526,16,3189,6378
R2,143526,17,2356,3939
R2,143526,18,1840,2284
R2,143526,19,1146,1409
R2,143526,20,181,194
R2,143532,5,25,10
R2,143532,6,104,83
R2,143532,7,209,136
R2,143532,8,139,81
R2,143532,9,224,264
R2,143532,10,281,281
R2,143532,11,264,353
R2,143532,12,232,337
R2,143532,13,418,323
R2,143532,14,320,286
R2,143532,15,505,342
R2,143532,16,344,356
R2,143532,17,216,187
R2,143532,18,139,84
R2,143532,19,60,44
R2,143532,20,13,12
R2,143537,5,148,111
R2,143537,6,228,363
R2,143537,7,319,1140
R2,143537,8,283,779
R2,143537,9,286,427
R2,143537,10,299,332
R2,143537,11,420,215
R2,143537,12,444,184
R2,143537,13,716,352
R2,143537,14,682,371
R2,143537,15,752,439
R2,143537,16,553,353
R2,143537,17,248,240
R2,143537,18,158,224
R2,143537,19,27,132
R2,143537,20,3,46
R2,143540,6,46,20
R2,143540,7,62,67
R2,143540,8,31,41
R2,143540,9,45,54
R2,143540,10,62,103
R2,143540,11,51,40
R2,143540,12,61,48
R2,143540,13,34,63
R2,143540,14,53,46
R2,143540,15,33,29
R2,143540,16,45,73
R2,143540,17,20,34
R2,143540,18,20,22
R2,143540,19,12,22
R2,143543,5,12,2
R2,143543,6,27,20
R2,143543,7,54,3
R2,143543,8,31,9
R2,143543,9,24,9
R2,143543,10,34,16
R2,143543,11,45,20
R2,143543,12,37,26
R2,143543,13,59,45
R2,143543,14,58,32
R2,143543,15,38,45
R2,143543,16,69,64
R2,143543,17,52,135
R2,143543,18,23,35
R2,143543,19,8,13
R2,143543,20,4,4
R2,143544,5,6,1
R2,143544,6,33,5
R2,143544,7,27,19
R2,143544,8,77,26
R2,143544,9,88,14
R2,143544,10,69,62
R2,143544,11,57,58
R2,143544,12,34,55
R2,143544,13,69,26
R2,143544,14,105,47
R2,143544,15,62,19
R2,143544,16,54,26
R2,143544,17,18,12
R2,143544,18,11,5
R2,143544,19,23,3
R2,143545,6,6,4
R2,143545,7,8,7
R2,143545,8,42,32
R2,143545,9,40,17
R2,143545,10,130,26
R2,143545,11,58,45
R2,143545,12,43,33
R2,143545,13,37,25
R2,143545,14,35,12
R2,143545,15,35,23
R2,143545,16,20,4
R2,143545,17,11,12
R2,143545,18,2,6
R2,143545,19,3,3
R2,143571,5,38,64
R2,143571,6,275,235
R2,143571,7,259,177
R2,143571,8,354,404
R2,143571,9,422,343
R2,143571,10,473,263
R2,143571,11,399,291
R2,143571,12,399,283
R2,143571,13,399,270
R2,143571,14,640,289
R2,143571,15,642,318
R2,143571,16,526,207
R2,143571,17,578,136
R2,143571,18,270,67
R2,143571,19,82,78
R2,143571,20,17,20
R2,143572,5,20,1
R2,143572,6,19,3
R2,143572,7,62,6
R2,143572,8,45,7
R2,143572,9,26,11
R2,143572,10,24,93
R2,143572,11,11,54
R2,143572,12,42,42
R2,143572,13,31,11
R2,143572,14,51,29
R2,143572,15,60,30
R2,143572,16,21,57
R2,143572,17,8,55
R2,143572,18,13,9
R2,143572,19,4,8
R2,143572,20,4,2
R2,143585,5,119,8
R2,143585,6,108,6
R2,143585,7,50,1
R2,143585,8,145,12
R2,143585,9,75,28
R2,143585,10,65,26
R2,143585,11,45,62
R2,143585,12,129,71
R2,143585,13,88,25
R2,143585,14,179,168
R2,143585,15,122,160
R2,143585,16,49,31
R2,143585,17,22,19
R2,143585,18,14,14
R2,143585,19,5,7
R2,143601,5,16,63
R2,143601,6,73,19
R2,143601,7,622,20
R2,143601,8,447,35
R2,143601,9,87,13
R2,143601,10,54,10
R2,143601,11,33,20
R2,143601,12,25,24
R2,143601,13,80,137
R2,143601,14,184,108
R2,143601,15,165,117
R2,143601,16,43,77
R2,143601,17,11,46
R2,143601,18,5,52
R2,143601,19,11,22
R2,143601,20,2,0
R2,143607,5,116,144
R2,143607,6,218,66
R2,143607,7,310,183
R2,143607,8,384,193
R2,143607,9,394,304
R2,143607,10,445,451
R2,143607,11,355,394
R2,143607,12,179,243
R2,143607,13,424,495
R2,143607,14,478,544
R2,143607,15,395,574
R2,143607,16,289,368
R2,143607,17,225,297
R2,143607,18,167,199
R2,143607,19,60,95
R2,143607,20,9,34
R2,143631,5,13,131
R2,143631,6,43,123
R2,143631,7,68,323
R2,143631,8,110,194
R2,143631,9,104,151
R2,143631,10,145,99
R2,143631,11,163,226
R2,143631,12,146,182
R2,143631,13,225,204
R2,143631,14,258,170
R2,143631,15,254,136
R2,143631,16,158,98
R2,143631,17,115,127
R2,143631,18,70,67
R2,143631,19,34,39
R2,143631,20,4,25
R2,143632,5,227,109
R2,143632,6,286,89
R2,143632,7,193,112
R2,143632,8,144,142
R2,143632,9,229,117
R2,143632,10,158,180
R2,143632,11,158,172
R2,143632,12,177,166
R2,143632,13,258,255
R2,143632,14,234,215
R2,143632,15,184,147
R2,143632,16,147,65
R2,143632,17,60,63
R2,143632,18,77,57
R2,143632,19,9,32
R2,143632,20,4,11
R2,143637,5,9,1
R2,143637,6,59,109
R2,143637,7,225,120
R2,143637,8,275,95
R2,143637,9,335,90
R2,143637,10,319,103
R2,143637,11,260,93
R2,143637,12,193,143
R2,143637,13,190,111
R2,143637,14,414,170
R2,143637,15,331,145
R2,143637,16,172,122
R2,143637,17,137,117
R2,143637,18,36,147
R2,143637,19,8,75
R2,143637,20,0,9
R2,143654,5,10,81
R2,143654,6,6,85
R2,143654,7,8,76
R2,143654,8,17,63
R2,143654,9,7,63
R2,143654,10,19,46
R2,143654,11,19,54
R2,143654,12,68,61
R2,143654,13,61,43
R2,143654,14,36,55
R2,143654,15,50,22
R2,143654,16,47,42
R2,143654,17,24,28
R2,143654,18,12,17
R2,143654,19,24,16
R6,143494,4,4,0
R6,143494,5,5,2
R6,143494,6,47,18
R6,143494,7,60,33
R6,143494,8,56,23
R6,143494,9,18,24
R6,143494,10,28,58
R6,143494,11,26,65
R6,143494,12,27,93
R6,143494,13,21,138
R6,143494,14,16,177
R6,143494,15,20,190
R6,143494,16,20,162
R6,143494,17,7,111
R6,143494,18,5,113
R6,143494,19,5,24
R6,143498,4,0,2
R6,143498,5,31,73
R6,143498,6,126,125
R6,143498,7,141,73
R6,143498,8,105,59
R6,143498,9,162,37
R6,143498,10,115,71
R6,143498,11,80,57
R6,143498,12,168,55
R6,143498,13,174,61
R6,143498,14,180,71
R6,143498,15,160,108
R6,143498,16,55,94
R6,143498,17,86,61
R6,143498,18,32,32
R6,143498,19,28,21
R6,143498,20,21,3
R6,143502,5,4,4
R6,143502,6,4,3
R6,143502,7,1,2
R6,143502,8,2,8
R6,143502,10,6,10
R6,143502,14,0,3
R6,143502,16,0,2
R6,143508,5,259,5
R6,143508,6,399,20
R6,143508,7,405,74
R6,143508,8,224,59
R6,143508,9,189,14
R6,143508,10,80,11
R6,143508,11,134,54
R6,143508,12,107,49
R6,143508,13,190,146
R6,143508,14,138,116
R6,143508,15,146,162
R6,143508,16,67,101
R6,143508,17,35,111
R6,143508,18,22,42
R6,143508,19,16,37
R6,143508,20,1,10
R6,143511,4,1,0
R6,143511,5,12,11
R6,143511,6,5,6
R6,143511,7,30,7
R6,143511,8,24,7
R6,143511,9,40,15
R6,143511,10,33,0
R6,143511,11,31,7
R6,143511,12,29,11
R6,143511,13,65,6
R6,143511,14,64,9
R6,143511,15,42,33
R6,143511,16,52,64
R6,143511,17,106,15
R6,143511,18,41,2
R6,143511,19,16,3
R6,143513,5,4,2
R6,143513,6,13,9
R6,143513,7,6,41
R6,143513,8,14,34
R6,143513,9,14,31
R6,143513,10,7,14
R6,143513,11,5,16
R6,143513,12,11,24
R6,143513,13,5,30
R6,143513,14,5,61
R6,143513,15,10,85
R6,143513,16,7,90
R6,143513,17,4,80
R6,143513,18,4,50
R6,143513,19,1,25
R6,143523,5,32,1
R6,143523,6,93,24
R6,143523,7,20,15
R6,143523,8,2,9
R6,143523,9,6,74
R6,143523,10,8,73
R6,143523,11,3,12
R6,143523,12,4,63
R6,143523,13,1,9
R6,143523,14,5,14
R6,143523,15,12,23
R6,143523,16,4,10
R6,143523,17,4,12
R6,143523,19,1,2
R6,143533,4,27,18
R6,143533,5,372,250
R6,143533,6,937,527
R6,143533,7,789,508
R6,143533,8,806,663
R6,143533,9,674,556
R6,143533,10,632,476
R6,143533,11,753,554
R6,143533,12,925,605
R6,143533,13,965,733
R6,143533,14,1198,915
R6,143533,15,996,664
R6,143533,16,987,711
R6,143533,17,495,369
R6,143533,18,548,444
R6,143533,19,232,213
R6,143533,20,34,38
R6,143539,5,109,5
R6,143539,6,155,13
R6,143539,7,334,52
R6,143539,8,350,51
R6,143539,9,144,38
R6,143539,10,115,39
R6,143539,11,126,35
R6,143539,12,316,75
R6,143539,13,348,79
R6,143539,14,159,64
R6,143539,15,198,97
R6,143539,16,137,85
R6,143539,17,141,97
R6,143539,18,117,108
R6,143539,19,10,17
R6,143539,20,12,8
R6,143554,5,14,0
R6,143554,6,32,31
R6,143554,7,35,61
R6,143554,8,37,47
R6,143554,9,30,29
R6,143554,10,28,85
R6,143554,11,40,61
R6,143554,12,27,83
R6,143554,13,22,94
R6,143554,14,32,188
R6,143554,15,32,148
R6,143554,16,9,109
R6,143554,17,5,78
R6,143554,18,5,61
R6,143554,19,2,42
R6,143566,4,1,1
R6,143566,5,1,9
R6,143566,6,5,274
R6,143566,7,5,115
R6,143566,8,13,87
R6,143566,9,10,21
R6,143566,10,21,17
R6,143566,11,15,12
R6,143566,12,21,27
R6,143566,13,26,34
R6,143566,14,50,38
R6,143566,15,58,50
R6,143566,16,90,32
R6,143566,17,43,15
R6,143566,18,2,20
R6,143566,19,3,7
R6,143567,4,4,0
R6,143567,5,25,0
R6,143567,6,21,6
R6,143567,7,10,4
R6,143567,8,13,10
R6,143567,9,12,5
R6,143567,10,10,0
R6,143567,11,11,6
R6,143567,12,19,14
R6,143567,13,56,11
R6,143567,14,90,7
R6,143567,15,6,8
R6,143567,16,33,10
R6,143567,17,34,3
R6,143567,18,10,1
R6,143580,5,21,5
R6,143580,6,41,23
R6,143580,7,68,53
R6,143580,8,38,47
R6,143580,9,61,74
R6,143580,10,36,37
R6,143580,11,59,68
R6,143580,12,47,78
R6,143580,13,44,66
R6,143580,14,79,111
R6,143580,15,72,79
R6,143580,16,73,41
R6,143580,17,57,62
R6,143580,18,21,36
R6,143580,19,5,19
R6,143580,20,1,12
R6,143587,3,0,58
R6,143587,4,34,26
R6,143587,5,54,67
R6,143587,6,57,76
R6,143587,7,39,85
R6,143587,8,98,182
R6,143587,9,70,122
R6,143587,10,68,102
R6,143587,11,93,118
R6,143587,12,100,146
R6,143587,13,134,186
R6,143587,14,84,150
R6,143587,15,86,189
R6,143587,16,63,124
R6,143587,17,66,128
R6,143587,18,30,66
R6,143587,19,96,109
R6,143587,20,25,37
R6,143587,21,3,4
R6,143602,4,234,65
R6,143602,5,284,251
R6,143602,6,349,547
R6,143602,7,256,499
R6,143602,8,289,402
R6,143602,9,346,298
R6,143602,10,408,406
R6,143602,11,361,375
R6,143602,12,559,489
R6,143602,13,452,473
R6,143602,14,442,409
R6,143602,15,481,385
R6,143602,16,486,332
R6,143602,17,330,186
R6,143602,18,209,171
R6,143602,19,73,97
R6,143609,5,119,10
R6,143609,6,66,26
R6,143609,7,120,51
R6,143609,8,85,29
R6,143609,9,65,18
R6,143609,10,82,33
R6,143609,11,85,59
R6,143609,12,56,55
R6,143609,13,137,96
R6,143609,14,123,76
R6,143609,15,243,70
R6,143609,16,164,37
R6,143609,17,92,58
R6,143609,18,83,37
R6,143609,19,25,57
R6,143609,20,1,1
R6,143621,6,0,7
R6,143621,7,0,1
R6,143621,8,2,7
R6,143621,9,2,1
R6,143621,10,1,1
R6,143621,11,1,0
R6,143621,12,4,2
R6,143621,13,0,1
R6,143621,14,5,2
R6,143621,16,0,3
R6,143621,17,1,2
R6,143621,18,0,1
R6,143622,5,1,0
R6,143622,6,22,5
R6,143622,7,19,2
R6,143622,8,29,1
R6,143622,9,30,0
R6,143622,10,20,2
R6,143622,11,6,2
R6,143622,12,5,6
R6,143622,13,0,1
R6,143622,14,1,3
R6,143622,15,3,10
R6,143622,16,1,14
R6,143622,17,0,7
R6,143622,18,0,13
R6,143622,19,1,2
R6,143633,4,9,7
R6,143633,5,27,26
R6,143633,6,63,94
R6,143633,7,65,82
R6,143633,8,98,137
R6,143633,9,101,123
R6,143633,10,94,85
R6,143633,11,131,144
R6,143633,12,171,162
R6,143633,13,246,189
R6,143633,14,240,229
R6,143633,15,154,147
R6,143633,16,148,151
R6,143633,17,174,158
R6,143633,18,126,127
R6,143633,19,52,46
R6,143633,20,6,8
R6,143646,5,4,6
R6,143646,6,13,193
R6,143646,7,17,208
R6,143646,8,21,146
R6,143646,9,7,105
R6,143646,10,21,53
R6,143646,11,19,46
R6,143646,12,17,26
R6,143646,13,11,22
R6,143646,14,12,25
R6,143646,15,7,10
R6,143646,16,18,2
R6,143646,17,91,12
R6,143646,18,6,6
R6,143655,5,2,2
R6,143655,6,10,3
R6,143655,7,11,8
R6,143655,8,3,6
R6,143655,9,3,2
R6,143655,10,3,6
R6,143655,11,2,3
R6,143655,12,0,5
R6,143655,13,2,4
R6,143655,14,1,3
R6,143655,15,1,11
R6,143655,16,0,19
R6,143655,17,2,25
R6,143655,18,1,12
R6,143655,19,1,1
R6,143655,20,1,4
R5,143487,5,0,2
R5,143487,6,7,31
R5,143487,7,38,14
R5,143487,8,15,0
R5,143487,9,8,5
R5,143487,10,19,17
R5,143487,11,29,15
R5,143487,12,23,50
R5,143487,13,52,36
R5,143487,14,44,33
R5,143487,15,30,44
R5,143487,16,33,56
R5,143487,17,9,44
R5,143487,18,10,40
R5,143487,19,5,9
R5,143503,4,1,0
R5,143503,5,8,0
R5,143503,6,253,23
R5,143503,7,170,23
R5,143503,8,91,28
R5,143503,9,55,38
R5,143503,10,46,56
R5,143503,11,62,51
R5,143503,12,65,85
R5,143503,13,89,51
R5,143503,14,97,142
R5,143503,15,69,187
R5,143503,16,37,189
R5,143503,17,35,168
R5,143503,18,39,123
R5,143503,19,2,64
R5,143503,20,0,2
R5,143512,4,29,2
R5,143512,5,31,9
R5,143512,6,40,31
R5,143512,7,64,43
R5,143512,8,66,68
R5,143512,9,50,57
R5,143512,10,105,56
R5,143512,11,116,78
R5,143512,12,142,90
R5,143512,13,146,103
R5,143512,14,184,93
R5,143512,15,184,167
R5,143512,16,156,145
R5,143512,17,156,90
R5,143512,18,162,92
R5,143512,19,72,42
R5,143512,20,1,1
R5,143533,3,0,14
R5,143533,4,75,117
R5,143533,5,317,1417
R5,143533,6,589,2208
R5,143533,7,491,2065
R5,143533,8,561,1812
R5,143533,9,458,1154
R5,143533,10,834,1700
R5,143533,11,629,1653
R5,143533,12,940,1903
R5,143533,13,912,1483
R5,143533,14,1388,1932
R5,143533,15,1278,1766
R5,143533,16,1181,1334
R5,143533,17,903,1189
R5,143533,18,972,1105
R5,143533,19,527,649
R5,143533,20,85,97
R5,143535,4,2,0
R5,143535,6,60,12
R5,143535,7,27,1
R5,143535,8,10,3
R5,143535,9,5,6
R5,143535,10,6,10
R5,143535,11,8,5
R5,143535,12,6,15
R5,143535,13,7,32
R5,143535,14,9,29
R5,143535,15,7,19
R5,143535,16,20,45
R5,143535,17,34,54
R5,143535,18,30,68
R5,143535,19,20,44
R5,143535,20,4,6
R5,143548,6,9,0
R5,143548,7,45,3
R5,143548,8,28,8
R5,143548,9,26,15
R5,143548,10,17,9
R5,143548,11,7,5
R5,143548,12,11,7
R5,143548,13,10,6
R5,143548,14,9,11
R5,143548,15,13,13
R5,143548,16,8,11
R5,143548,17,0,4
R5,143548,18,0,5
R5,143548,19,1,7
R5,143578,5,3,0
R5,143578,6,5,0
R5,143578,7,41,2
R5,143578,8,26,1
R5,143578,9,18,9
R5,143578,10,16,18
R5,143578,11,24,22
R5,143578,12,9,16
R5,143578,13,13,6
R5,143578,14,2,8
R5,143578,15,0,2
R5,143578,16,3,5
R5,143578,17,5,0
R5,143578,18,6,7
R5,143578,19,0,2
R5,143581,5,51,11
R5,143581,6,13,45
R5,143581,7,25,103
R5,143581,8,29,29
R5,143581,9,16,11
R5,143581,10,49,22
R5,143581,11,48,59
R5,143581,12,45,55
R5,143581,13,67,58
R5,143581,14,51,66
R5,143581,15,123,95
R5,143581,16,52,46
R5,143581,17,50,74
R5,143581,18,88,73
R5,143581,19,31,38
R5,143581,20,2,19
R5,143594,4,14,5
R5,143594,5,45,7
R5,143594,6,209,40
R5,143594,7,101,18
R5,143594,8,89,26
R5,143594,9,61,25
R5,143594,10,77,46
R5,143594,11,95,38
R5,143594,12,137,57
R5,143594,13,151,68
R5,143594,14,131,87
R5,143594,15,73,95
R5,143594,16,42,123
R5,143594,17,31,109
R5,143594,18,14,96
R5,143594,19,8,50
R5,143594,20,0,1
R5,143595,4,15,7
R5,143595,5,16,4
R5,143595,6,46,110
R5,143595,7,94,67
R5,143595,8,124,25
R5,143595,9,55,7
R5,143595,10,41,29
R5,143595,11,43,70
R5,143595,12,38,29
R5,143595,13,25,66
R5,143595,14,20,70
R5,143595,15,16,80
R5,143595,16,12,58
R5,143595,17,12,54
R5,143595,18,5,48
R5,143595,19,0,7
R5,143610,4,1,0
R5,143610,5,9,3
R5,143610,6,28,23
R5,143610,7,39,16
R5,143610,8,23,19
R5,143610,9,24,8
R5,143610,10,24,8
R5,143610,11,26,15
R5,143610,12,24,12
R5,143610,13,22,17
R5,143610,14,18,24
R5,143610,15,27,32
R5,143610,16,21,15
R5,143610,17,16,12
R5,143610,18,12,19
R5,143610,19,5,18
R5,143617,4,6,3
R5,143617,5,110,12
R5,143617,6,130,9
R5,143617,7,124,39
R5,143617,8,64,20
R5,143617,9,51,24
R5,143617,10,75,27
R5,143617,11,59,33
R5,143617,12,110,69
R5,143617,13,76,45
R5,143617,14,88,65
R5,143617,15,59,101
R5,143617,16,58,101
R5,143617,17,18,125
R5,143617,18,29,139
R5,143617,19,23,78
R5,143617,20,0,6
R5,143618,5,1,0
R5,143618,6,25,0
R5,143618,7,12,61
R5,143618,8,48,64
R5,143618,9,56,5
R5,143618,10,36,6
R5,143618,11,40,4
R5,143618,12,51,4
R5,143618,13,34,2
R5,143618,14,54,6
R5,143618,15,73,7
R5,143618,16,33,4
R5,143618,17,15,4
R5,143618,18,8,3
R5,143618,20,1,0
R5,143619,5,0,1
R5,143619,7,1,2
R5,143619,8,1,1
R5,143619,9,5,4
R5,143619,10,2,10
R5,143619,11,7,5
R5,143619,12,5,1
R5,143619,13,5,6
R5,143619,14,1,1
R5,143619,15,0,2
R5,143619,16,1,3
R5,143619,17,4,4
R5,143619,18,0,4
R5,143619,19,1,6
R5,143619,20,0,3
R5,143624,5,4,0
R5,143624,6,12,2
R5,143624,7,4,1
R5,143624,8,1,3
R5,143624,9,12,3
R5,143624,10,8,7
R5,143624,11,10,1
R5,143624,12,9,4
R5,143624,13,1,1
R5,143624,14,4,45
R5,143624,15,3,37
R5,143624,16,0,17
R5,143624,17,0,4
R5,143624,18,0,5
R5,143624,19,2,2
R5,143634,6,4,0
R5,143634,7,7,0
R5,143634,8,21,0
R5,143634,9,23,1
R5,143634,10,36,7
R5,143634,11,27,6
R5,143634,12,18,18
R5,143634,13,4,13
R5,143634,14,3,26
R5,143634,15,11,36
R5,143634,16,6,41
R5,143634,17,1,2
R5,143634,18,3,3
R5,143634,19,0,4
R5,143635,5,0,129
R5,143635,6,10,174
R5,143635,7,7,77
R5,143635,8,18,24
R5,143635,9,9,18
R5,143635,10,7,10
R5,143635,11,16,20
R5,143635,12,23,14
R5,143635,13,53,42
R5,143635,14,109,33
R5,143635,15,139,48
R5,143635,16,65,20
R5,143635,17,26,6
R5,143635,18,3,1
R5,143635,19,2,4
R5,143635,20,0,3
R5,143647,4,3,5
R5,143647,5,4,2
R5,143647,6,109,1
R5,143647,7,66,8
R5,143647,8,69,10
R5,143647,9,100,14
R5,143647,10,69,28
R5,143647,11,34,29
R5,143647,12,28,70
R5,143647,13,16,91
R5,143647,14,33,76
R5,143647,15,28,90
R5,143647,16,24,64
R5,143647,17,17,55
R5,143647,18,4,52
R5,143647,19,1,16
R5,143656,4,10,0
R5,143656,6,0,1
R5,143656,7,4,2
R5,143656,8,15,2
R5,143656,9,6,3
R5,143656,10,6,2
R5,143656,11,6,2
R5,143656,12,6,68
R5,143656,13,12,29
R5,143656,14,7,43
R5,143656,15,6,28
R5,143656,16,9,7
R5,143656,17,1,11
R5,143656,18,1,1
R5,144198,4,17,3
R5,144198,5,33,2
R5,144198,6,42,16
R5,144198,7,33,24
R5,144198,8,140,11
R5,144198,9,149,30
R5,144198,10,70,78
R5,144198,11,129,83
R5,144198,12,102,121
R5,144198,13,62,139
R5,144198,14,53,94
R5,144198,15,35,85
R5,144198,16,40,75
R5,144198,17,23,52
R5,144198,18,9,49
R5,144198,19,3,15
R7,143495,4,0,6
R7,143495,5,10,3
R7,143495,6,75,37
R7,143495,7,99,21
R7,143495,8,60,42
R7,143495,9,64,7
R7,143495,10,46,42
R7,143495,11,51,33
R7,143495,12,42,73
R7,143495,13,41,133
R7,143495,14,35,81
R7,143495,15,25,83
R7,143495,16,22,45
R7,143495,17,23,66
R7,143495,18,10,111
R7,143495,19,17,17
R7,143495,20,0,2
R7,143496,4,34,3
R7,143496,5,38,9
R7,143496,6,12,1
R7,143496,7,1,10
R7,143496,8,8,13
R7,143496,9,4,0
R7,143496,10,5,11
R7,143496,11,11,4
R7,143496,12,2,9
R7,143496,13,3,2
R7,143496,14,2,8
R7,143496,15,2,17
R7,143496,16,0,28
R7,143496,17,1,11
R7,143496,18,0,8
R7,143514,4,5,9
R7,143514,5,30,11
R7,143514,6,48,3
R7,143514,7,64,1
R7,143514,8,46,18
R7,143514,9,31,6
R7,143514,10,28,8
R7,143514,11,37,18
R7,143514,12,17,97
R7,143514,13,23,78
R7,143514,14,43,52
R7,143514,15,18,28
R7,143514,16,36,46
R7,143514,17,22,51
R7,143514,18,0,19
R7,143514,19,1,15
R7,143514,20,0,3
R7,143524,4,87,10
R7,143524,5,73,10
R7,143524,6,156,157
R7,143524,7,68,142
R7,143524,8,104,124
R7,143524,9,100,59
R7,143524,10,81,69
R7,143524,11,57,69
R7,143524,12,162,144
R7,143524,13,87,118
R7,143524,14,199,171
R7,143524,15,174,203
R7,143524,16,70,78
R7,143524,17,54,42
R7,143524,18,23,29
R7,143524,19,15,13
R7,143524,20,0,10
R7,143534,4,5,7
R7,143534,5,183,35
R7,143534,6,78,147
R7,143534,7,168,129
R7,143534,8,91,74
R7,143534,9,66,80
R7,143534,10,100,64
R7,143534,11,95,52
R7,143534,12,144,94
R7,143534,13,110,103
R7,143534,14,72,99
R7,143534,15,67,82
R7,143534,16,48,137
R7,143534,17,28,104
R7,143534,18,46,80
R7,143534,19,27,59
R7,143534,20,9,21
R7,143536,4,1,1
R7,143536,5,30,6
R7,143536,6,25,7
R7,143536,7,30,79
R7,143536,8,81,59
R7,143536,9,60,13
R7,143536,10,31,13
R7,143536,11,20,10
R7,143536,12,28,33
R7,143536,13,27,36
R7,143536,14,18,37
R7,143536,15,38,57
R7,143536,16,20,53
R7,143536,17,18,46
R7,143536,18,107,31
R7,143536,19,54,6
R7,143536,20,9,7
R7,143557,4,4,2
R7,143557,5,57,6
R7,143557,6,62,6
R7,143557,7,127,23
R7,143557,8,75,43
R7,143557,9,80,64
R7,143557,10,63,74
R7,143557,11,41,97
R7,143557,12,26,84
R7,143557,13,14,61
R7,143557,14,23,69
R7,143557,15,2,52
R7,143557,16,9,50
R7,143557,17,7,16
R7,143557,18,2,19
R7,143557,19,3,11
R7,143557,20,0,5
R7,143564,4,2,2
R7,143564,5,8,7
R7,143564,6,27,5
R7,143564,7,101,7
R7,143564,8,24,6
R7,143564,9,44,9
R7,143564,10,31,23
R7,143564,11,54,32
R7,143564,12,47,40
R7,143564,13,28,47
R7,143564,14,14,79
R7,143564,15,15,109
R7,143564,16,22,120
R7,143564,17,28,82
R7,143564,18,30,63
R7,143564,19,11,27
R7,143564,20,1,26
R7,143568,5,17,17
R7,143568,6,12,78
R7,143568,7,26,154
R7,143568,8,58,129
R7,143568,9,66,124
R7,143568,10,63,108
R7,143568,11,44,125
R7,143568,12,91,103
R7,143568,13,115,118
R7,143568,14,132,79
R7,143568,15,145,86
R7,143568,16,33,71
R7,143568,17,14,63
R7,143568,18,17,30
R7,143568,19,5,27
R7,143568,20,3,8
R7,143573,3,0,26
R7,143573,4,97,169
R7,143573,5,294,423
R7,143573,6,450,590
R7,143573,7,576,1067
R7,143573,8,551,1169
R7,143573,9,651,1261
R7,143573,10,580,1176
R7,143573,11,814,1443
R7,143573,12,841,1819
R7,143573,13,1028,2136
R7,143573,14,806,1870
R7,143573,15,789,2075
R7,143573,16,577,1703
R7,143573,17,441,1070
R7,143573,18,429,728
R7,143573,19,706,1045
R7,143573,20,311,395
R7,143582,4,64,7
R7,143582,5,77,14
R7,143582,6,43,49
R7,143582,7,63,41
R7,143582,8,215,66
R7,143582,9,142,35
R7,143582,10,38,85
R7,143582,11,35,139
R7,143582,12,56,156
R7,143582,13,42,103
R7,143582,14,34,186
R7,143582,15,55,167
R7,143582,16,28,146
R7,143582,17,20,103
R7,143582,18,23,61
R7,143582,19,6,10
R7,143582,20,0,2
R7,143583,5,1,7
R7,143583,6,13,5
R7,143583,7,60,74
R7,143583,8,58,124
R7,143583,9,97,22
R7,143583,10,47,11
R7,143583,11,27,17
R7,143583,12,55,31
R7,143583,13,45,24
R7,143583,14,16,17
R7,143583,15,17,5
R7,143583,16,19,12
R7,143583,17,17,16
R7,143583,18,10,55
R7,143583,19,5,22
R7,143583,20,0,11
R7,143588,4,7,1
R7,143588,5,6,1
R7,143588,6,59,8
R7,143588,7,29,3
R7,143588,8,141,30
R7,143588,9,35,35
R7,143588,10,53,53
R7,143588,11,21,20
R7,143588,12,20,22
R7,143588,13,28,33
R7,143588,14,63,46
R7,143588,15,55,47
R7,143588,16,16,75
R7,143588,17,29,25
R7,143588,18,18,37
R7,143588,19,1,12
R7,143598,4,6,2
R7,143598,5,24,15
R7,143598,6,85,10
R7,143598,7,87,12
R7,143598,8,147,6
R7,143598,9,85,21
R7,143598,10,34,35
R7,143598,11,38,15
R7,143598,12,34,31
R7,143598,13,46,43
R7,143598,14,29,47
R7,143598,15,44,77
R7,143598,16,42,99
R7,143598,17,9,74
R7,143598,18,14,66
R7,143598,19,1,14
R7,143598,20,0,1
R7,143603,4,2,0
R7,143603,5,10,40
R7,143603,6,52,193
R7,143603,7,14,159
R7,143603,8,23,79
R7,143603,9,65,107
R7,143603,10,50,95
R7,143603,11,63,101
R7,143603,12,82,107
R7,143603,13,89,110
R7,143603,14,150,79
R7,143603,15,180,75
R7,143603,16,97,60
R7,143603,17,52,67
R7,143603,18,14,28
R7,143603,19,9,3
R7,143603,20,3,7
R7,143604,4,27,0
R7,143604,5,47,6
R7,143604,6,74,21
R7,143604,7,131,26
R7,143604,8,335,41
R7,143604,9,103,84
R7,143604,10,84,47
R7,143604,11,70,34
R7,143604,12,56,53
R7,143604,13,62,68
R7,143604,14,99,111
R7,143604,15,49,77
R7,143604,16,35,66
R7,143604,17,18,52
R7,143604,18,27,38
R7,143604,19,6,30
R7,143604,20,2,3
R7,143605,5,4,0
R7,143605,6,11,1
R7,143605,7,54,12
R7,143605,8,60,10
R7,143605,9,42,33
R7,143605,10,33,36
R7,143605,11,28,24
R7,143605,12,14,44
R7,143605,13,20,24
R7,143605,14,29,30
R7,143605,15,21,34
R7,143605,16,11,22
R7,143605,17,14,27
R7,143605,18,24,35
R7,143605,19,2,13
R7,143605,20,1,2
R7,143611,4,5,0
R7,143611,5,33,4
R7,143611,6,74,7
R7,143611,7,85,26
R7,143611,8,202,58
R7,143611,9,134,41
R7,143611,10,54,45
R7,143611,11,33,45
R7,143611,12,55,61
R7,143611,13,60,72
R7,143611,14,28,135
R7,143611,15,12,132
R7,143611,16,25,84
R7,143611,17,5,74
R7,143611,18,20,28
R7,143611,19,2,5
R7,143611,20,0,5
R7,143612,4,5,0
R7,143612,5,5,0
R7,143612,6,28,0
R7,143612,7,47,3
R7,143612,8,63,13
R7,143612,9,14,3
R7,143612,10,18,10
R7,143612,11,16,6
R7,143612,12,29,16
R7,143612,13,39,4
R7,143612,14,59,17
R7,143612,15,54,37
R7,143612,16,30,30
R7,143612,17,6,31
R7,143612,18,5,36
R7,143612,19,0,5
R7,143623,4,60,15
R7,143623,5,80,160
R7,143623,6,139,622
R7,143623,7,392,558
R7,143623,8,502,646
R7,143623,9,331,547
R7,143623,10,426,558
R7,143623,11,404,506
R7,143623,12,658,791
R7,143623,13,585,759
R7,143623,14,726,720
R7,143623,15,725,634
R7,143623,16,530,536
R7,143623,17,474,435
R7,143623,18,422,321
R7,143623,19,153,116
R7,143623,20,39,65
R7,143625,5,1,0
R7,143625,6,4,23
R7,143625,7,3,2
R7,143625,8,13,9
R7,143625,9,15,16
R7,143625,10,12,6
R7,143625,11,30,4
R7,143625,12,14,28
R7,143625,13,10,8
R7,143625,14,11,16
R7,143625,15,19,7
R7,143625,16,22,8
R7,143625,17,7,7
R7,143625,18,2,2
R7,143625,19,0,3
R7,143625,20,0,2
R7,143627,4,3,0
R7,143627,5,12,2
R7,143627,6,11,4
R7,143627,7,54,55
R7,143627,8,57,120
R7,143627,9,28,61
R7,143627,10,84,89
R7,143627,11,73,80
R7,143627,12,72,98
R7,143627,13,79,125
R7,143627,14,77,100
R7,143627,15,89,90
R7,143627,16,65,56
R7,143627,17,51,25
R7,143627,18,26,9
R7,143627,19,10,11
R7,143627,20,1,1
R7,143628,4,33,2
R7,143628,5,39,2
R7,143628,6,162,3
R7,143628,7,144,3
R7,143628,8,124,23
R7,143628,9,98,11
R7,143628,10,42,26
R7,143628,11,29,43
R7,143628,12,76,77
R7,143628,13,92,59
R7,143628,14,68,40
R7,143628,15,66,59
R7,143628,16,50,45
R7,143628,17,41,40
R7,143628,18,28,60
R7,143628,19,13,36
R7,143628,20,0,8
R7,143649,4,13,0
R7,143649,5,30,8
R7,143649,6,28,11
R7,143649,7,38,66
R7,143649,8,43,154
R7,143649,9,47,41
R7,143649,10,39,8
R7,143649,11,31,12
R7,143649,12,25,6
R7,143649,13,21,20
R7,143649,14,32,13
R7,143649,15,14,13
R7,143649,16,23,19
R7,143649,17,21,30
R7,143649,18,17,30
R7,143649,19,4,9
R7,143649,20,0,2
R8,143488,5,124,27
R8,143488,6,21,6
R8,143488,7,98,118
R8,143488,8,180,51
R8,143488,9,18,13
R8,143488,10,236,9
R8,143488,11,58,10
R8,143488,12,54,27
R8,143488,13,41,59
R8,143488,14,38,29
R8,143488,15,3,15
R8,143488,16,32,22
R8,143488,17,12,22
R8,143488,18,14,35
R8,143488,19,2,21
R8,143488,20,2,7
R8,143541,5,0,14
R8,143541,6,296,817
R8,143541,7,499,951
R8,143541,8,523,1076
R8,143541,9,159,225
R8,143541,10,477,969
R8,143541,11,600,632
R8,143541,12,532,702
R8,143541,13,633,581
R8,143541,14,801,548
R8,143541,15,290,213
R8,143541,16,807,389
R8,143541,17,675,456
R8,143541,18,552,432
R8,143541,19,181,210
R8,143541,20,374,280
R8,143541,21,70,80
R8,143549,5,13,10
R8,143549,6,11,23
R8,143549,7,9,7
R8,143549,8,28,54
R8,143549,9,14,36
R8,143549,10,63,70
R8,143549,11,68,93
R8,143549,12,79,105
R8,143549,13,99,161
R8,143549,14,71,121
R8,143549,15,49,103
R8,143549,16,12,50
R8,143549,17,52,185
R8,143549,18,15,152
R8,143549,19,4,48
R8,143549,20,1,36
R8,143549,21,2,2
R8,143576,5,155,39
R8,143576,6,213,73
R8,143576,7,244,73
R8,143576,8,78,27
R8,143576,9,105,27
R8,143576,10,55,36
R8,143576,11,116,31
R8,143576,12,190,52
R8,143576,13,190,31
R8,143576,14,50,26
R8,143576,15,34,29
R8,143576,16,39,81
R8,143576,17,44,65
R8,143576,18,19,44
R8,143576,19,82,36
R8,143576,20,75,21
R8,143589,5,41,15
R8,143589,6,134,33
R8,143589,7,106,48
R8,143589,8,78,65
R8,143589,9,128,109
R8,143589,10,93,68
R8,143589,11,122,208
R8,143589,12,108,160
R8,143589,13,85,162
R8,143589,14,72,110
R8,143589,15,113,138
R8,143589,16,91,93
R8,143589,17,87,144
R8,143589,18,54,63
R8,143589,19,51,40
R8,143589,20,14,28
R8,143589,21,3,3
R8,143590,5,139,42
R8,143590,6,222,49
R8,143590,7,246,42
R8,143590,8,36,27
R8,143590,9,103,55
R8,143590,10,110,64
R8,143590,11,181,83
R8,143590,12,116,71
R8,143590,13,98,69
R8,143590,14,48,49
R8,143590,15,43,60
R8,143590,16,50,92
R8,143590,17,55,84
R8,143590,18,22,26
R8,143590,19,32,55
R8,143590,20,9,62
R8,143590,21,1,2
R8,143591,5,2,88
R8,143591,6,5,107
R8,143591,7,8,263
R8,143591,8,8,259
R8,143591,9,106,146
R8,143591,10,8,100
R8,143591,11,14,56
R8,143591,12,7,106
R8,143591,13,5,187
R8,143591,14,12,242
R8,143591,15,3,73
R8,143591,16,11,83
R8,143591,17,20,88
R8,143591,18,9,80
R8,143591,19,7,103
R8,143591,20,0,80
R8,143613,6,109,105
R8,143613,7,53,65
R8,143613,8,23,18
R8,143613,9,68,24
R8,143613,10,40,6
R8,143613,11,47,60
R8,143613,12,67,100
R8,143613,13,89,86
R8,143613,14,108,172
R8,143613,15,74,223
R8,143613,16,76,56
R8,143613,17,13,159
R8,143613,18,44,118
R8,143613,19,14,56
R8,143613,20,9,40
R8,143613,21,2,7
R8,143614,5,67,16
R8,143614,6,50,31
R8,143614,7,20,12
R8,143614,8,27,27
R8,143614,9,157,60
R8,143614,10,42,36
R8,143614,11,159,61
R8,143614,12,92,50
R8,143614,13,94,57
R8,143614,14,129,113
R8,143614,15,100,126
R8,143614,16,26,64
R8,143614,17,51,208
R8,143614,18,51,78
R8,143614,19,61,96
R8,143614,20,18,83
R8,143614,21,2,6
R8,143626,5,0,9
R8,143626,6,123,23
R8,143626,7,127,11
R8,143626,8,108,22
R8,143626,9,28,19
R8,143626,10,127,50
R8,143626,11,155,67
R8,143626,12,224,54
R8,143626,13,295,41
R8,143626,14,362,36
R8,143626,15,77,4
R8,143626,16,350,43
R8,143626,17,220,29
R8,143626,18,172,36
R8,143626,19,38,32
R8,143626,20,141,24
R8,143626,21,14,2
R8,143641,4,113,84
R8,143641,5,91,49
R8,143641,6,175,78
R8,143641,7,178,175
R8,143641,8,62,76
R8,143641,9,195,219
R8,143641,10,87,116
R8,143641,11,125,180
R8,143641,12,480,525
R8,143641,13,418,464
R8,143641,14,192,288
R8,143641,15,133,208
R8,143641,16,164,220
R8,143641,17,130,231
R8,143641,18,133,230
R8,143641,19,41,143
R8,143641,20,1,27
R8,143641,21,2,36
R8,143641,22,0,4
R8,144228,5,88,167
R8,144228,6,68,128
R8,144228,7,85,107
R8,144228,8,49,75
R8,144228,9,70,67
R8,144228,10,61,56
R8,144228,11,104,95
R8,144228,12,83,73
R8,144228,13,74,99
R8,144228,14,92,28
R8,144228,15,126,45
R8,144228,16,113,56
R8,144228,17,66,63
R8,144228,18,39,55
R8,144228,19,24,39
R8,144228,20,7,3
R8,144228,21,10,20
R8,144228,22,4,3
R8,144637,4,136,33
R8,144637,5,121,17
R8,144637,6,196,22
R8,144637,7,92,37
R8,144637,8,13,17
R8,144637,9,40,30
R8,144637,10,30,15
R8,144637,11,32,95
R8,144637,12,31,39
R8,144637,13,24,121
R8,144637,14,18,96
R8,144637,15,29,150
R8,144637,16,38,67
R8,144637,17,13,34
R8,144637,18,21,34
R8,144637,19,4,30
R8,144637,20,0,1
R8,144637,21,1,22
R8,144637,22,1,6
